id,proveedor,pagina,imagen,nombre_original,url
AIM-P001-001,Designs Aimari,1,AIM-P001-001.jpg,Jersey Youngla USA Concept Black Red,https://media.designsaimari.com/products/cmtyowarc4zqtla01rjz2lgsa/previews/1789235971729-c4d78109-a6dc-453b-911b-a2d9a06b1f67.jpg
AIM-P001-002,Designs Aimari,1,AIM-P001-002.jpg,Sport fishing,https://media.designsaimari.com/products/cmtymfgnn54toqi01ahxuqg4z/previews/1789231835854-1104b039-495e-45c1-a31e-36b85461c8d4.jpg
AIM-P001-003,Designs Aimari,1,AIM-P001-003.jpg,Pastoral Juvenil Celeste,https://media.designsaimari.com/products/cmtyjy8un549aqi01nmzbrleq/previews/1789227659651-937d37e5-dfdb-4298-9617-2a65cd942afa.jpg
AIM-P001-004,Designs Aimari,1,AIM-P001-004.jpg,Jersey Dregrade Blue,https://media.designsaimari.com/products/cmtyj8qgi4yhnla0141afdkhs/previews/1789226471969-096b260a-2878-4883-a77f-a61b3edc5235.jpg
AIM-P001-005,Designs Aimari,1,AIM-P001-005.jpg,Hexagono Sports,https://media.designsaimari.com/products/cmtyhm9x953qxqi01lnohwifh/previews/1789223741860-700ddbc6-6871-40cf-a0cb-f392efcd1672.jpg
AIM-P001-006,Designs Aimari,1,AIM-P001-006.jpg,Paint Sports,https://media.designsaimari.com/products/cmtygz7z953mbqi01xxsb0mgz/previews/1789222666607-b97ec190-a3fe-4191-ab81-71773a444064.jpg
AIM-P001-007,Designs Aimari,1,AIM-P001-007.jpg,PSIS Semarang 2026-27,https://media.designsaimari.com/products/cmtxj59cc4zf2qi01dzl8sna5/previews/1789165851925-c4f5772d-982d-44d1-940c-cabccd8c292b.jpg
AIM-P001-008,Designs Aimari,1,AIM-P001-008.jpg,Aguilas Doradas,https://media.designsaimari.com/products/cmtxiptlz4zblqi01g0tydegw/previews/1789165130208-ac5ba6bd-8552-4d6a-8e10-49f566d0d6e1.jpg
AIM-P001-009,Designs Aimari,1,AIM-P001-009.jpg,Colegio Montessori,https://media.designsaimari.com/products/cmtxi6n3o4t7tla01wx35l22z/previews/1789231875801-4be5bc75-b211-42b3-b520-224f678ef6eb.jpg
AIM-P001-010,Designs Aimari,1,AIM-P001-010.jpg,Jersey Millonarios Blue,https://media.designsaimari.com/products/cmtxhrw744t0rla017bh530k2/previews/1789163537383-18a24b0d-31a9-4432-912a-45cd4442fa10.jpg
AIM-P001-011,Designs Aimari,1,AIM-P001-011.jpg,Cobay,https://media.designsaimari.com/products/cmtxgykaf4yt5qi010zfryj84/previews/1789162169022-eb2d6d9a-e8cf-4163-96f6-9995499afcb8.jpg
AIM-P001-012,Designs Aimari,1,AIM-P001-012.jpg,Lion Orange,https://media.designsaimari.com/products/cmtxf5t2r4s30la01oa6f5htn/previews/1789159147652-ec129928-1894-4e85-a933-3e0f3df0f712.jpg
AIM-P001-013,Designs Aimari,1,AIM-P001-013.jpg,Mapaches Design Celeste,https://media.designsaimari.com/products/cmtxd8xll4xe5qi01lj9f20be/previews/1789155934582-f0a18932-df7a-45e9-8054-e8200b09b2cb.jpg
AIM-P001-014,Designs Aimari,1,AIM-P001-014.jpg,UNION FEMENINA FC,https://media.designsaimari.com/products/cmtxd1h8a4x94qi01ghacfdy5/previews/1789155586943-35e30476-0e6a-44a3-8a95-748d1dc83771.jpg
AIM-P001-015,Designs Aimari,1,AIM-P001-015.jpg,LEONES SOFTBALL,https://media.designsaimari.com/products/cmtx9vsd04w0dqi01h3mal1p3/previews/1789150289014-d41c18c8-b06b-4232-a4ad-2bcec514e8a8.jpg
AIM-P001-016,Designs Aimari,1,AIM-P001-016.jpg,Blue Pattern Geometrico,https://media.designsaimari.com/products/cmtx8p1yj4p5qla01tthbd694/previews/1789148289374-b30de401-303d-4021-a46a-d457ede33030.jpg
AIM-P001-017,Designs Aimari,1,AIM-P001-017.jpg,Jersey Geométricas Brillantes Tono Azul,https://media.designsaimari.com/products/cmtx830i14v20qi0129yz06sk/previews/1789147264222-7bfee684-f862-420d-8d51-b153d1cfbfac.jpg
AIM-P001-018,Designs Aimari,1,AIM-P001-018.png,Arauquita Agricultura Concept,https://media.designsaimari.com/products/cmtx7s9a94uxfqi011su3se1c/previews/1789146760632-db15444b-8807-496c-bf09-25b687536314.png
AIM-P001-019,Designs Aimari,1,AIM-P001-019.jpg,Clube do Remo Ancorados na Fé,https://media.designsaimari.com/products/cmtx7mv1c4uutqi012vcrgenm/previews/1789146507067-f689531b-4791-4159-bd83-4ed96f55ce38.jpg
AIM-P001-020,Designs Aimari,1,AIM-P001-020.jpg,Grunge Design Verde,https://media.designsaimari.com/products/cmtx5pyg04nyqla01z8d4z11f/previews/1789143291995-b9f47aad-5f6e-4b08-bd0f-c1cf97d8b6b3.jpg
AIM-P001-021,Designs Aimari,1,AIM-P001-021.jpg,Jersey Caciques,https://media.designsaimari.com/products/cmtx5olx84twwqi01j9u4fivb/previews/1789143229692-969c4b0a-1c60-4c37-9196-5f1973f377e3.jpg
AIM-P001-022,Designs Aimari,1,AIM-P001-022.jpg,Caciques FC,https://media.designsaimari.com/products/cmtx3o2zh4n66la01tisqbabp/previews/1789139858348-23208a5d-6fa9-4e04-b7e9-acbe981a2315.jpg
AIM-P001-023,Designs Aimari,1,AIM-P001-023.jpg,Jersey Design Valencia,https://media.designsaimari.com/products/cmtx1skkh4rqjqi01300e0yhk/previews/1789136698946-a7a6c5a1-1b49-477f-b654-59c6d49be51c.jpg
AIM-P001-024,Designs Aimari,1,AIM-P001-024.jpg,Defensa y Justicia Geometric,https://media.designsaimari.com/products/cmtx1qqr44rq0qi013d6xy3uf/previews/1789136609531-85290ed8-9742-4d83-af08-7189ceb16e5c.jpg
AIM-P001-025,Designs Aimari,1,AIM-P001-025.jpg,Aquaman,https://media.designsaimari.com/products/cmtx16i4q4rhgqi01ad6a7d35/previews/1789135712605-88fdeb2f-c9d0-4c91-8bbb-0ea5e9894e58.jpg
AIM-P001-026,Designs Aimari,1,AIM-P001-026.jpg,Dragon Flamas Sports,https://media.designsaimari.com/products/cmtwv1aas4k5hla01tm71oeig/previews/1789125345429-c80b7032-551e-4504-899e-972a90906a81.jpg
AIM-P001-027,Designs Aimari,1,AIM-P001-027.jpg,Pattern Sports Degrade Line Pink,https://media.designsaimari.com/products/cmtw2h8st4fisla01tujm37zr/previews/1789077379911-53693311-e3ea-485b-8816-9709c79134fd.jpg
AIM-P001-028,Designs Aimari,1,AIM-P001-028.jpg,OLIMPIADAS ECUADOR,https://media.designsaimari.com/products/cmtw1y68r4kfiqi01ozv2ayav/previews/1789076492681-a6dc9cf4-db07-4b3c-856d-00d8cb654d44.jpg
AIM-P001-029,Designs Aimari,1,AIM-P001-029.jpg,Sporting Design Colors,https://media.designsaimari.com/products/cmtw107om4k66qi01wgk0eyrz/previews/1789074905762-84c558bc-6d05-408d-b1ca-9a1863396ec7.jpg
AIM-P001-030,Designs Aimari,1,AIM-P001-030.jpg,La Banda Del Coliseo,https://media.designsaimari.com/products/cmtw0ypkj4f1hla01ei3pmdf2/previews/1789074837351-eacc4fcb-5730-4130-8609-f53d5260653a.jpg
AIM-P001-031,Designs Aimari,1,AIM-P001-031.jpg,Envinadas,https://media.designsaimari.com/products/cmtvzrdl64egula01r1mmx1b5/previews/1789072814543-2fd9affb-2c19-4d45-973c-02278712d9a7.jpg
AIM-P001-032,Designs Aimari,1,AIM-P001-032.jpg,Jersey Sport Pattern Green,https://media.designsaimari.com/products/cmtvz0el04e15la010nkdbmmg/previews/1789071556151-f20ba5ba-d245-45e2-8ab3-24f850098be2.jpg
AIM-P001-033,Designs Aimari,1,AIM-P001-033.jpg,Sports Design Negro,https://media.designsaimari.com/products/cmtvyg2wb4ihqqi01ypihu9kv/previews/1789070607195-38ac2f7d-5591-4db5-9036-2971ce2edb52.jpg
AIM-P001-034,Designs Aimari,1,AIM-P001-034.jpg,Jersey Geometrico Lineal,https://media.designsaimari.com/products/cmtvyezvn4dlnla01f8s2i7b3/previews/1789070556600-0ec8c979-57ae-4c7c-8214-f8a4fe375268.jpg
AIM-P001-035,Designs Aimari,1,AIM-P001-035.jpg,Liverpool Tercera Equipación 2026-27,https://media.designsaimari.com/products/cmtvxg59g4cx6la01fymknroy/previews/1789068932338-652e6e9b-18ef-4cda-ad61-adea674c2f2e.jpg
AIM-P001-036,Designs Aimari,1,AIM-P001-036.jpg,Newcastle United,https://media.designsaimari.com/products/cmtvsdd4g4fbiqi0150brgs7o/previews/1789060403420-54122a30-3d52-4a05-8c9c-cd6cf2e69172.jpg
AIM-P001-037,Designs Aimari,1,AIM-P001-037.jpg,Designs Pontillizer Purple,https://media.designsaimari.com/products/cmtvrkit84ex3qi018dlsbr5d/previews/1789059057192-98067e82-f417-458b-8d1d-3faa6c315244.jpg
AIM-P001-038,Designs Aimari,1,AIM-P001-038.jpg,Grecia Grunge Design,https://media.designsaimari.com/products/cmtvqz9ds4eovqi01wupzqlbv/previews/1789058067528-16f73905-9c09-4a38-b6ea-25ec6061086c.jpg
AIM-P001-039,Designs Aimari,1,AIM-P001-039.jpg,Boca Juniors 2026-27 Third,https://media.designsaimari.com/products/cmtvqo3ew4eg4qi01r9o8h8n6/previews/1789057547383-825e7ca5-a5df-4c1c-b42a-d4679a22a6f1.jpg
AIM-P001-040,Designs Aimari,1,AIM-P001-040.jpg,Jersey Infantil Patines,https://media.designsaimari.com/products/cmtvq4zia499tla01cuyudz2j/previews/1789056690068-61bb2470-fc8a-44a3-b8c1-8e791305ad97.jpg
AIM-P001-041,Designs Aimari,1,AIM-P001-041.jpg,Virgen Rosario,https://media.designsaimari.com/products/cmtvpojr9490ala01363ybiiv/previews/1789055918968-a0a565f1-ff2c-4f4a-a39b-391c0a0bc17b.jpg
AIM-P001-042,Designs Aimari,1,AIM-P001-042.png,LDU Quito 26-27 Away,https://media.designsaimari.com/products/cmtvp7sel48p8la01zgacin8n/previews/1789055104955-4101c028-b505-4f66-b03d-061a475836c7.png
AIM-P001-043,Designs Aimari,1,AIM-P001-043.png,Scooby Do Concept,https://media.designsaimari.com/products/cmtvov8vl48j2la01f94omw1x/previews/1789054524019-f817945e-8ac2-446d-a9d5-bb0cf90b3ba1.png
AIM-P001-044,Designs Aimari,1,AIM-P001-044.jpg,Jersey Concept Señor Cautivo de Ayabaca Blanco_Azul,https://media.designsaimari.com/products/cmtvot07m4ddpqi01uw6hw93i/previews/1789054426374-34b5b396-59bb-4a30-88e2-db3bc97872e7.jpg
AIM-P001-045,Designs Aimari,1,AIM-P001-045.jpg,Monterrey Geometric Concept 2026,https://media.designsaimari.com/products/cmtvo0pfs47wnla01dfazmmif/previews/1789053095883-44f7455b-4ec2-42b8-8df9-5ebdb51bf69f.jpg
AIM-P001-046,Designs Aimari,1,AIM-P001-046.jpg,Sport Green,https://media.designsaimari.com/products/cmtvnqxia47rdla01jh2fgtdw/previews/1789052639398-aa4eacab-2038-42ba-bd66-7b3d3b375326.jpg
AIM-P001-047,Designs Aimari,1,AIM-P001-047.jpg,Sport Búho,https://media.designsaimari.com/products/cmtvmn0094773la0112gh8xt7/previews/1789050774883-3c166123-901f-4668-91ff-d06cf0876471.jpg
AIM-P001-048,Designs Aimari,1,AIM-P001-048.jpg,Jersey Sport Red Patron,https://media.designsaimari.com/products/cmtvlnu5s46idla01l6iibly3/previews/1789049134476-fc4e16fa-0d17-48a3-8e26-bcfac99deea0.jpg
AIM-P001-049,Designs Aimari,1,AIM-P001-049.jpg,ELITE FUTBOL FEMENINO,https://media.designsaimari.com/products/cmtvljse946epla01x3e1go3c/previews/1789049260683-e26fd1b9-a157-4f3e-98c4-3ecaa7ae6f0d.jpg
AIM-P001-050,Designs Aimari,1,AIM-P001-050.jpg,Electricos FC,https://media.designsaimari.com/products/cmtvkc6jh45v5la01dp1mz4g2/previews/1789046953725-0255267c-3e96-49c1-994e-bb0decdd491a.jpg
AIM-P001-051,Designs Aimari,1,AIM-P001-051.jpg,Fenix Blindado,https://media.designsaimari.com/products/cmtup2z3d40obla01qbbx5z24/previews/1788994416066-95647b3b-e633-4f30-92e4-24aadb8fc085.jpg
AIM-P001-052,Designs Aimari,1,AIM-P001-052.jpg,Jersey Shonan Bellmare 2026 Verde,https://media.designsaimari.com/products/cmtump0kd45yeqi01ydoeijgc/previews/1788990404164-71d5f2ff-8cbf-4401-8254-c83ce479812d.jpg
AIM-P001-053,Designs Aimari,1,AIM-P001-053.png,Textura Sports Colors,https://media.designsaimari.com/products/cmtulxrun3zdbla01c7h56ggw/previews/1788989131786-a81b7fbc-1ce0-45ad-93ce-5ceca72ea9ef.png
AIM-P001-054,Designs Aimari,1,AIM-P001-054.jpg,Las Vegas Raiders Concept,https://media.designsaimari.com/products/cmtulujn645nzqi01ee3hml7l/previews/1788988980958-a34fa64d-6e0c-4496-8d91-635d03984dee.jpg
AIM-P001-055,Designs Aimari,1,AIM-P001-055.jpg,Jersey Powerlifting,https://media.designsaimari.com/products/cmtul9xgd4534qi01aab0vi32/previews/1788988020395-c04e401f-90b5-4020-a65b-43df898d0b80.jpg
AIM-P001-056,Designs Aimari,1,AIM-P001-056.jpg,Las del Barrio,https://media.designsaimari.com/products/cmtul0aoy3yy3la01zqsy6eco/previews/1788987587680-411de501-18b9-4ceb-8515-0f1620f321cc.jpg
AIM-P001-057,Designs Aimari,1,AIM-P001-057.jpg,Zumba Design Sports Colors,https://media.designsaimari.com/products/cmtukpilx44sxqi01hzw37crx/previews/1788987111476-193dd251-b325-4689-83b9-09d2389d6409.jpg
AIM-P001-058,Designs Aimari,1,AIM-P001-058.jpg,Costa De Marfil,https://media.designsaimari.com/products/cmtujj8qq442lqi01hgd9o9nn/previews/1788985094792-1e0878d5-3eb3-4882-b515-6132bfadf0ee.jpg
AIM-P001-059,Designs Aimari,1,AIM-P001-059.jpg,Gacelas Concept Azul,https://media.designsaimari.com/products/cmtuii1h63xjula016s4fo03z/previews/1788983358902-e52aae96-db43-4f94-a518-33787a6ac8b0.jpg
AIM-P001-060,Designs Aimari,1,AIM-P001-060.jpg,Jersey Infantería Marina,https://media.designsaimari.com/products/cmtuhlqx5433jqi01odox94i8/previews/1788981859880-addad672-bad0-4ed1-a2dc-56a299913017.jpg
