codigo,carpeta_origen,archivo_original,tipo,deporte,ocasion,estado,quien,fecha
SBX-03-0001,03,Alemania_Away_Black_Fantasy_26.cdr,cdr,futbol,demostracion,DEMO_GENERADO,DEMO (Tarea 1),2026-10-07
SBX-03-0002,03,Alemania_Away_Kit_2026.cdr,cdr,futbol,demostracion,DEMO_GENERADO,DEMO (Tarea 1),2026-10-07
SBX-03-0003,03,Alemania_Kit_Local_26.cdr,cdr,futbol,demostracion,DEMO_GENERADO,DEMO (Tarea 1),2026-10-07
SBX-03-0004,03,Alemania_Training_26.cdr,cdr,futbol,demostracion,DEMO_GENERADO,DEMO (Tarea 1),2026-10-07
SBX-03-0005,03,ARGENTINA_2026_NEGRO_MORADO.cdr,cdr,futbol,demostracion,DEMO_GENERADO,DEMO (Tarea 1),2026-10-07
SBX-03-0006,03,Argentina_Kit_Local_2026.cdr,cdr,futbol,demostracion,DEMO_GENERADO,DEMO (Tarea 1),2026-10-07
SBX-03-0007,03,Austria_Home_Kit_26.cdr,cdr,futbol,demostracion,DEMO_GENERADO,DEMO (Tarea 1),2026-10-07
SBX-03-0008,03,Belgica_Home_Kit_Cup_26.cdr,cdr,futbol,demostracion,DEMO_GENERADO,DEMO (Tarea 1),2026-10-07
SBX-03-0009,03,Brasil_Away_Kit_26.cdr,cdr,futbol,demostracion,DEMO_GENERADO,DEMO (Tarea 1),2026-10-07
SBX-03-0010,03,Brasil_World_Cup_Home_Kit_26.cdr,cdr,futbol,demostracion,DEMO_GENERADO,DEMO (Tarea 1),2026-10-07
SBX-03-0011,03,Canada_2026.cdr,cdr,futbol,demostracion,DEMO_GENERADO,DEMO (Tarea 1),2026-10-07
SBX-03-0012,03,Colombia_Away_Kit_Cup_26.cdr,cdr,futbol,demostracion,DEMO_GENERADO,DEMO (Tarea 1),2026-10-07
SBX-03-0013,03,Colombia_Home_2025_26.cdr,cdr,futbol,demostracion,DEMO_GENERADO,DEMO (Tarea 1),2026-10-07
SBX-03-0014,03,Costa_Rica_Away_Kit_26_1.cdr,cdr,futbol,demostracion,DEMO_GENERADO,DEMO (Tarea 1),2026-10-07
SBX-03-0015,03,Costa_Rica_Home_Kit_World_Cup_26.cdr,cdr,futbol,demostracion,DEMO_GENERADO,DEMO (Tarea 1),2026-10-07
SBX-03-0016,03,Escocia_Home_kit_26.cdr,cdr,futbol,demostracion,DEMO_GENERADO,DEMO (Tarea 1),2026-10-07
SBX-03-0017,03,Espana_Home_Kit_26_Fantasy.cdr,cdr,futbol,demostracion,DEMO_GENERADO,DEMO (Tarea 1),2026-10-07
SBX-03-0018,03,Espana_Home_Kit_Cup_26.cdr,cdr,futbol,demostracion,DEMO_GENERADO,DEMO (Tarea 1),2026-10-07
SBX-03-0019,03,Francia_Azul_Kit_2026.cdr,cdr,futbol,demostracion,DEMO_GENERADO,DEMO (Tarea 1),2026-10-07
SBX-03-0020,03,Inglaterra_Home_Kit_26.cdr,cdr,futbol,demostracion,DEMO_GENERADO,DEMO (Tarea 1),2026-10-07
SBX-03-0021,03,ITALIA_CUP_2026.cdr,cdr,futbol,demostracion,DEMO_GENERADO,DEMO (Tarea 1),2026-10-07
SBX-03-0022,03,Japon_Home_Kit_Cup_26.cdr,cdr,futbol,demostracion,DEMO_GENERADO,DEMO (Tarea 1),2026-10-07
SBX-03-0023,03,KIT_USA_2026.cdr,cdr,futbol,demostracion,DEMO_GENERADO,DEMO (Tarea 1),2026-10-07
SBX-03-0024,03,Leon_Interclasse_Dorado_Negro.cdr,cdr,futbol,demostracion,DEMO_GENERADO,DEMO (Tarea 1),2026-10-07
SBX-03-0025,03,Lineas_Puntos_Verde_Morado.cdr,cdr,futbol,demostracion,DEMO_GENERADO,DEMO (Tarea 1),2026-10-07
SBX-03-0026,03,Liverpool_Adidas_2025_26.cdr,cdr,futbol,demostracion,DEMO_GENERADO,DEMO (Tarea 1),2026-10-07
SBX-03-0027,03,MEXICO_CUP_2026.cdr,cdr,futbol,demostracion,DEMO_GENERADO,DEMO (Tarea 1),2026-10-07
SBX-03-0028,03,NIGERIA_2026.cdr,cdr,futbol,demostracion,DEMO_GENERADO,DEMO (Tarea 1),2026-10-07
SBX-03-0029,03,NORUEGA_2026.cdr,cdr,futbol,demostracion,DEMO_GENERADO,DEMO (Tarea 1),2026-10-07
SBX-03-0030,03,Nottingham_Forest_Third_Kit_24.cdr,cdr,futbol,demostracion,DEMO_GENERADO,DEMO (Tarea 1),2026-10-07
SBX-03-0031,03,Nueva_Zelanda_World_2026.cdr,cdr,futbol,demostracion,DEMO_GENERADO,DEMO (Tarea 1),2026-10-07
SBX-03-0032,03,Palmeiras_Entremaniemto_23_24.cdr,cdr,futbol,demostracion,DEMO_GENERADO,DEMO (Tarea 1),2026-10-07
SBX-03-0033,03,Peru_Local_Kit_2026.cdr,cdr,futbol,demostracion,DEMO_GENERADO,DEMO (Tarea 1),2026-10-07
SBX-03-0034,03,POLONIA_CUP_2026.cdr,cdr,futbol,demostracion,DEMO_GENERADO,DEMO (Tarea 1),2026-10-07
SBX-03-0035,03,PORTUGAL_CRISTIANO.cdr,cdr,futbol,demostracion,DEMO_GENERADO,DEMO (Tarea 1),2026-10-07
SBX-03-0036,03,QATAR_CUP_2026.cdr,cdr,futbol,demostracion,DEMO_GENERADO,DEMO (Tarea 1),2026-10-07
SBX-03-0037,03,Ucrania_Home_Kit_26.cdr,cdr,futbol,demostracion,DEMO_GENERADO,DEMO (Tarea 1),2026-10-07
SBX-03-0038,03,Uruguay_Away_Kit_25_26.cdr,cdr,futbol,demostracion,DEMO_GENERADO,DEMO (Tarea 1),2026-10-07
SBX-03-0039,03,USA_CUP_2026.cdr,cdr,futbol,demostracion,DEMO_GENERADO,DEMO (Tarea 1),2026-10-07
SBX-03-0040,03,Venezuela_Home_Kit_26.cdr,cdr,futbol,demostracion,DEMO_GENERADO,DEMO (Tarea 1),2026-10-07
